rank,title,rating,year,genre,description,id
1,The Shawshank Redemption,9.3,1994,Drama,"Two imprisoned men bond over a number of years, finding solace and eventual redemption through acts of common decency.",top1
2,The Godfather,9.2,1972,"Crime, Drama",The aging patriarch of an organized crime dynasty in postwar New York City transfers control of his clandestine empire to his reluctant youngest son.,top2
3,The Dark Knight,9.0,2008,"Action, Crime, Drama","When the menace known as the Joker wreaks havoc and chaos on the people of Gotham, Batman must accept one of the greatest psychological and physical tests of his ability to fight injustice.",top3
4,The Godfather Part II,9.0,1974,"Crime, Drama","The early life and career of Vito Corleone in 1920s New York City is portrayed, while his son, Michael, expands and tightens his grip on the family crime syndicate.",top4
5,12 Angry Men,9.0,1957,"Crime, Drama",The jury in a New York City murder trial is frustrated by a single member whose skeptical caution forces them to more carefully consider the evidence before jumping to a hasty verdict.,top5
6,Schindler's List,9.0,1993,"Biography, Drama, History","In German-occupied Poland during World War II, industrialist Oskar Schindler gradually becomes concerned for his Jewish workforce after witnessing their persecution by the Nazis.",top6
7,The Lord of the Rings: The Return of the King,9.0,2003,"Action, Adventure, Drama",Gandalf and Aragorn lead the World of Men against Sauron's army to draw his gaze from Frodo and Sam as they approach Mount Doom with the One Ring.,top7
8,Pulp Fiction,8.9,1994,"Crime, Drama","The lives of two mob hitmen, a boxer, a gangster and his wife, and a pair of diner bandits intertwine in four tales of violence and redemption.",top8
9,The Lord of the Rings: The Fellowship of the Ring,8.8,2001,"Action, Adventure, Drama",A meek Hobbit from the Shire and eight companions set out on a journey to destroy the powerful One Ring and save Middle-earth from the Dark Lord Sauron.,top9
10,"The Good, the Bad and the Ugly",8.8,1966,"Adventure, Western",A bounty hunting scam joins two men in an uneasy alliance against a third in a race to find a fortune in gold buried in a remote cemetery.,top10
11,Forrest Gump,8.8,1994,"Drama, Romance","The presidencies of Kennedy and Johnson, the Vietnam War, the Watergate scandal and other historical events unfold from the perspective of an Alabama man with an IQ of 75, whose only desire is to be reunited with his childhood sweetheart.",top11
12,Fight Club,8.8,1999,Drama,An insomniac office worker and a devil-may-care soap maker form an underground fight club that evolves into much more.,top12
13,The Lord of the Rings: The Two Towers,8.8,2002,"Action, Adventure, Drama","While Frodo and Sam edge closer to Mordor with the help of the shifty Gollum, the divided fellowship makes a stand against Sauron's new ally, Saruman, and his hordes of Isengard.",top13
14,Inception,8.7,2010,"Action, Adventure, Sci-Fi","A thief who steals corporate secrets through the use of dream-sharing technology is given the inverse task of planting an idea into the mind of a C.E.O., but his tragic past may doom the project and his team to disaster.",top14
15,Star Wars: Episode V - The Empire Strikes Back,8.7,1980,"Action, Adventure, Fantasy","After the Rebels are brutally overpowered by the Empire on the ice planet Hoth, Luke Skywalker begins Jedi training with Yoda, while his friends are pursued across the galaxy by Darth Vader and bounty hunter Boba Fett.",top15
16,The Matrix,8.7,1999,"Action, Sci-Fi","When a beautiful stranger leads computer hacker Neo to a forbidding underworld, he discovers the shocking truth--the life he knows is the elaborate deception of an evil cyber-intelligence.",top16
17,Goodfellas,8.7,1990,"Biography, Crime, Drama","The story of Henry Hill and his life in the mob, covering his relationship with his wife Karen Hill and his mob partners Jimmy Conway and Tommy DeVito in the Italian-American crime syndicate.",top17
18,Spider-Man: Across the Spider-Verse,8.7,2023,"Animation, Action, Adventure","Miles Morales catapults across the Multiverse, where he encounters a team of Spider-People charged with protecting its very existence. When the heroes clash on how to handle a new threat, Miles must redefine what it means to be a hero.",top18
19,Interstellar,8.7,2014,"Adventure, Drama, Sci-Fi",A team of explorers travel through a wormhole in space in an attempt to ensure humanity's survival.,top19
20,One Flew Over the Cuckoo's Nest,8.6,1975,Drama,"In the Fall of 1963, a Korean War veteran and criminal pleads insanity and is admitted to a mental institution, where he rallies up the scared patients against the tyrannical nurse.",top20
21,Se7en,8.6,1995,"Crime, Drama, Mystery","Two detectives, a rookie and a veteran, hunt a serial killer who uses the seven deadly sins as his motives.",top21
22,It's a Wonderful Life,8.6,1946,"Drama, Family, Fantasy",An angel is sent from Heaven to help a desperately frustrated businessman by showing him what life would have been like if he had never existed.,top22
23,Seven Samurai,8.6,1954,"Action, Drama","Farmers from a village exploited by bandits hire a veteran samurai for protection, who gathers six other samurai to join him. As the samurai teach the peasants how to defend themselves, the village is attacked by an army of bandits.",top23
24,The Silence of the Lambs,8.6,1991,"Crime, Drama, Thriller","A young F.B.I. cadet must receive the help of an incarcerated and manipulative cannibal killer to help catch another serial killer, a madman who skins his victims.",top24
25,Saving Private Ryan,8.6,1998,"Drama, War","Following the Normandy Landings, a group of U.S. soldiers go behind enemy lines to retrieve a paratrooper whose brothers have been killed in action.",top25
26,City of God,8.6,2002,"Crime, Drama","In the slums of Rio, two kids' paths diverge as one struggles to become a photographer and the other a kingpin.",top26
27,Life Is Beautiful,8.6,1997,"Comedy, Drama, Romance","When an open-minded Jewish waiter and his son become victims of the Holocaust, he uses a perfect mixture of will, humor, and imagination to protect his son from the dangers around their camp.",top27
28,The Green Mile,8.6,1999,"Crime, Drama, Fantasy","The lives of guards on Death Row are affected by one of their charges: a black man accused of child murder and rape, yet who has a mysterious gift.",top28
29,Star Wars: Episode IV - A New Hope,8.6,1977,"Action, Adventure, Fantasy","Luke Skywalker joins forces with a Jedi Knight, a cocky pilot, a Wookiee and two droids to save the galaxy from the Empire's world-destroying battle station, while also attempting to rescue Princess Leia from the mysterious Darth Vader.",top29
30,Terminator 2: Judgment Day,8.6,1991,"Action, Sci-Fi","A cyborg, identical to the one who failed to kill Sarah Connor, must now protect her ten-year-old son John from a more advanced and powerful cyborg.",top30
31,Spirited Away,8.6,2001,"Animation, Adventure, Family","During her family's move to the suburbs, a sullen 10-year-old girl wanders into a world ruled by gods, witches, and spirits, and where humans are changed into beasts.",top31
32,Oppenheimer,8.6,2023,"Biography, Drama, History","The story of American scientist, J. Robert Oppenheimer, and his role in the development of the atomic bomb.",top32
33,Harakiri,8.6,1962,"Action, Drama, Mystery","When a ronin requesting seppuku at a feudal lord's palace is told of the brutal suicide of another ronin who previously visited, he reveals how their pasts are intertwined - and in doing so challenges the clan's integrity.",top33
34,Back to the Future,8.5,1985,"Adventure, Comedy, Sci-Fi","Marty McFly, a 17-year-old high school student, is accidentally sent 30 years into the past in a time-traveling DeLorean invented by his close friend, the maverick scientist Doc Brown.",top34
35,The Pianist,8.5,2002,"Biography, Drama, Music",A Polish Jewish musician struggles to survive the destruction of the Warsaw ghetto of World War II.,top35
36,Psycho,8.5,1960,"Horror, Mystery, Thriller","A Phoenix secretary embezzles $40,000 from her employer's client, goes on the run and checks into a remote motel run by a young man under the domination of his mother.",top36
37,Parasite,8.5,2019,"Drama, Thriller",Greed and class discrimination threaten the newly formed symbiotic relationship between the wealthy Park family and the destitute Kim clan.,top37
38,Gladiator,8.5,1994,"Action, Adventure, Drama",A former Roman General sets out to exact vengeance against the corrupt emperor who murdered his family and sent him into slavery.,top38
39,The Lion King,8.5,1994,"Animation, Adventure, Drama","Lion prince Simba and his father are targeted by his bitter uncle, who wants to ascend the throne himself.",top39
40,Léon: The Professional,8.5,1994,"Action, Crime, Drama","12-year-old Mathilda is reluctantly taken in by Léon, a professional assassin, after her family is murdered. An unusual relationship forms as she becomes his protégée and learns the assassin's trade.",top40
41,American History X,8.5,2000,"Crime, Drama",A former neo-nazi skinhead tries to prevent his younger brother from going down the same wrong path that he did.,top41
42,The Departed,8.5,1998,"Crime, Drama, Thriller",An undercover cop and a mole in the police attempt to identify each other while infiltrating an Irish gang in South Boston.,top42
43,Whiplash,8.5,2014,"Drama, Music",A promising young drummer enrolls at a cut-throat music conservatory where his dreams of greatness are mentored by an instructor who will stop at nothing to realize a student's potential.,top43
44,The Prestige,8.5,2006,"Drama, Mystery, Sci-Fi","After a tragic accident, two stage magicians in 1890s London engage in a battle to create the ultimate illusion while sacrificing everything they have to outwit each other.",top44
45,The Usual Suspects,8.5,1995,"Crime, Drama, Mystery","A sole survivor tells of the twisty events leading up to a horrific gun battle on a boat, which began when five criminals met at a seemingly random police lineup.",top45
46,Grave of the Fireflies,8.5,1988,Animation,A young boy and his little sister struggle to survive in Japan during World War II.,top46
47,Casablanca,8.5,1942,"Drama, Romance, War",A cynical expatriate American cafe owner struggles to decide whether or not to help his former lover and her fugitive husband escape the Nazis in French Morocco.,top47
48,The Intouchables,8.5,2011,"Biography, Comedy, Drama","After he becomes a quadriplegic from a paragliding accident, an aristocrat hires a young man from the projects to be his caregiver.",top48
49,Modern Times,8.5,1936,"Comedy, Drama, Romance",The Tramp struggles to live in modern industrial society with the help of a young homeless woman.,top49
50,Cinema Paradiso,8.5,1988,"Drama, Romance",A filmmaker recalls his childhood when falling in love with the pictures at the cinema of his home village and forms a deep friendship with the cinema's projectionist.,top50
51,Once Upon a Time in the West,8.5,1968,Western,A mysterious stranger with a harmonica joins forces with a notorious desperado to protect a beautiful widow from a ruthless assassin working for the railroad.,top51
52,Rear Window,8.5,1954,"Mystery, Thriller","A wheelchair-bound photographer spies on his neighbors from his Greenwich Village courtyard apartment window, and becomes convinced one of them has committed murder, despite the skepticism of his fashion-model girlfriend.",top52
53,Alien,8.5,1979,"Horror, Sci-Fi",The crew of a commercial spacecraft encounter a deadly lifeform after investigating an unknown transmission.,top53
54,City Lights,8.5,1931,"Comedy, Drama, Romance","With the aid of a wealthy erratic tippler, a dewy-eyed tramp who has fallen in love with a sightless flower girl accumulates money to be able to help her medically.",top54
55,Django Unchained,8.5,2012,"Drama, Western","With the help of a German bounty-hunter, a freed slave sets out to rescue his wife from a brutal plantation-owner in Mississippi.",top55
56,Apocalypse Now,8.4,1979,"Drama, Mystery, War",A U.S. Army officer serving in Vietnam is tasked with assassinating a renegade Special Forces Colonel who sees himself as a god.,top56
57,Memento,8.4,2000,"Mystery, Thriller",A man with short-term memory loss attempts to track down his wife's murderer.,top57
58,Indiana Jones and the Raiders of the Lost Ark,8.4,1981,"Action, Adventure","Archaeology professor Indiana Jones ventures to seize a biblical artefact known as the Ark of the Covenant. While doing so, he puts up a fight against Renee and a troop of Nazis.",top58
59,WALL·E,8.4,2008,"Animation, Adventure, Family","In the distant future, a small waste-collecting robot inadvertently embarks on a space journey that will ultimately decide the fate of mankind.",top59
60,The Lives of Others,8.4,2006,"Drama, Mystery, Thriller","In 1984 East Berlin, an agent of the secret police, conducting surveillance on a writer and his lover, finds himself becoming increasingly absorbed by their lives.",top60
61,Sunset Blvd.,8.4,1950,"Drama, Film-Noir",A screenwriter develops a dangerous relationship with a faded film star determined to make a triumphant return.,top61
62,Paths of Glory,8.4,1957,"Drama, War","After refusing to attack an enemy position, a general accuses the soldiers of cowardice and their commanding officer must defend them.",top62
63,Avengers: Infinity War,8.4,2018,"Action, Adventure, Sci-Fi",The Avengers and their allies must be willing to sacrifice all in an attempt to defeat the powerful Thanos before his blitz of devastation and ruin puts an end to the universe.,top63
64,The Shining,8.4,1980,"Drama, Horror","A family heads to an isolated hotel for the winter where a sinister presence influences the father into violence, while his psychic son sees horrific forebodings from both past and future.",top64
65,The Great Dictator,8.4,1940,"Comedy, Drama, War",Dictator Adenoid Hynkel tries to expand his empire while a poor Jewish barber tries to avoid persecution from Hynkel's regime.,top65
66,Witness for the Prosecution,8.4,1957,"Crime, Drama, Mystery",A veteran British barrister must defend his client in a murder trial that has surprise after surprise.,top66
67,Spider-Man: Into the Spider-Verse,8.4,2018,"Animation, Action, Adventure","Teen Miles Morales becomes the Spider-Man of his universe, and must join with five spider-powered individuals from other dimensions to stop a threat for all realities.",top67
68,Aliens,8.4,1986,"Action, Adventure, Sci-Fi","Fifty-seven years after surviving an apocalyptic attack aboard her space vessel by merciless space creatures, Officer Ripley awakens from hyper-sleep and tries to warn anyone who will listen about the predators.",top68
69,Inglourious Basterds,8.4,2009,"Adventure, Drama, War","In Nazi-occupied France during World War II, a plan to assassinate Nazi leaders by a group of Jewish U.S. soldiers coincides with a theatre owner's vengeful plans for the same.",top69
70,The Dark Knight Rises,8.4,2012,"Action, Drama","Eight years after the Joker's reign of anarchy, Batman, with the help of the enigmatic Selina Kyle, is forced from his exile to save Gotham City from the brutal guerrilla terrorist Bane.",top70
71,Dr. Strangelove or: How I Learned to Stop Worrying and Love the Bomb,8.4,1964,"Comedy, War","An insane American general orders a bombing attack on the Soviet Union, triggering a path to nuclear holocaust that a war room full of politicians and generals frantically tries to stop.",top71
72,Oldboy,8.4,2003,"Action, Drama, Mystery","After being kidnapped and imprisoned for fifteen years, Oh Dae-Su is released, only to find that he must find his captor in five days.",top72
73,Coco,8.4,2017,"Animation, Adventure, Comedy","Aspiring musician Miguel, confronted with his family's ancestral ban on music, enters the Land of the Dead to find his great-great-grandfather, a legendary singer.",top73
74,Amadeus,8.4,1984,"Biography, Drama, Music","The life, success and troubles of Wolfgang Amadeus Mozart, as told by Antonio Salieri, the contemporaneous composer who was insanely jealous of Mozart's talent and claimed to have murdered him.",top74
75,The Boat,8.4,1981,"Drama, War",A German U-boat stalks the frigid waters of the North Atlantic as its young crew experience the sheer terror and claustrophobic world of a submariner in World War II.,top75
76,Avengers: Endgame,8.4,2019,"Action, Adventure, Drama","After the devastating events of Avengers: Infinity War (2018), the universe is in ruins. With the help of remaining allies, the Avengers assemble once more in order to reverse Thanos' actions and restore balance to the universe.",top76
77,Joker,8.4,2019,"Crime, Drama, Thriller",A mentally troubled stand-up comedian embarks on a downward spiral that leads to the creation of an iconic villain.,top77
78,Your Name.,8.4,2016,"Animation, Drama, Fantasy","Two strangers find themselves linked in a bizarre way. When a connection forms, will distance be the only thing to keep them apart?",top78
79,3 Idiots,8.4,2009,"Comedy, Drama","Two friends are searching for their long lost companion. They revisit their college days and recall the memories of their friend who inspired them to think differently, even as the rest of the world called them ""idiots"".",top79
80,High and Low,8.4,1963,"Crime, Drama, Mystery",An executive of a Yokohama shoe company becomes a victim of extortion when his chauffeur's son is kidnapped by mistake and held for ransom.,top80
81,Capernaum,8.4,2018,Drama,"While serving a five-year sentence for a violent crime, a 12-year-old boy sues his parents for neglect.",top81
82,Come and See,8.4,1985,"Drama, Thriller, War","After finding an old rifle, a young boy joins the Soviet resistance movement against ruthless German forces and experiences the horrors of World War II.",top82
83,Toy Story,8.3,1995,"Animation, Adventure, Comedy",A cowboy doll is profoundly threatened and jealous when a new spaceman action figure supplants him as top toy in a boy's bedroom.,top83
84,American Beauty,8.3,1999,Drama,A sexually frustrated suburban father has a mid-life crisis after becoming infatuated with his daughter's best friend.,top84
85,Braveheart,8.3,1995,"Biography, Drama, History",Scottish warrior William Wallace leads his countrymen in a rebellion to free his homeland from the tyranny of King Edward I of England.,top85
86,Princess Mononoke,8.3,1997,"Animation, Action, Adventure","On a journey to find the cure for a Tatarigami's curse, Ashitaka finds himself in the middle of a war between the forest gods and Tatara, a mining colony. In this quest he also meets San, the Mononoke Hime.",top86
87,Good Will Hunting,8.3,1997,"Drama, Romance","Will Hunting, a janitor at M.I.T., has a gift for mathematics, but needs help from a psychologist to find direction in his life.",top87
88,Once Upon a Time in America,8.3,1984,"Crime, Drama","A former Prohibition-era Jewish gangster returns to the Lower East Side of Manhattan 35 years later, where he must once again confront the ghosts and regrets of his old life.",top88
89,Singin' in the Rain,8.3,1952,"Comedy, Musical, Romance",A silent film star falls for a chorus girl just as he and his delusionally jealous screen partner are trying to make the difficult transition to talking pictures in 1920s Hollywood.,top89
90,Requiem for a Dream,8.3,2000,Drama,The drug-induced utopias of four Coney Island people are shattered when their addictions run deep.,top90
91,Toy Story 3,8.3,2010,"Animation, Adventure, Comedy","The toys are mistakenly delivered to a day-care center instead of the attic right before Andy leaves for college, and it's up to Woody to convince the other toys that they weren't abandoned and to return home.",top91
92,Star Wars: Episode VI - Return of the Jedi,8.3,1983,"Action, Adventure, Fantasy","After a daring mission to rescue Han Solo from Jabba the Hutt, the Rebels dispatch to Endor to destroy the second Death Star. Meanwhile, Luke struggles to help Darth Vader back from the dark side without falling into the Emperor's trap.",top92
93,Eternal Sunshine of the Spotless Mind,8.3,2004,"Drama, Romance, Sci-Fi","When their relationship turns sour, a couple undergoes a medical procedure to have each other erased from their memories.",top93
94,2001: A Space Odyssey,8.3,1968,"Adventure, Sci-Fi","After uncovering a mysterious artifact buried beneath the Lunar surface, a spacecraft is sent to Jupiter to find its origins - a spacecraft manned by two men and the supercomputer H.A.L. 9000.",top94
95,The Hunt,8.3,2012,Drama,"A teacher lives a lonely life, all the while struggling over his son's custody. His life slowly gets better as he finds love and receives good news from his son, but his new luck is about to be brutally shattered by an innocent little lie.",top95
96,Reservoir Dogs,8.3,1992,"Crime, Thriller","When a simple jewelry heist goes horribly wrong, the surviving criminals begin to suspect that one of them is a police informant.",top96
97,Ikiru,8.3,1952,Drama,A bureaucrat tries to find meaning in his life after he discovers he has terminal cancer.,top97
98,Lawrence of Arabia,8.3,1962,"Adventure, Biography, Drama","The story of T.E. Lawrence, the English officer who successfully united and led the diverse, often warring, Arab tribes during World War I in order to fight the Turks.",top98
99,Citizen Kane,8.3,1941,"Drama, Mystery","Following the death of publishing tycoon Charles Foster Kane, reporters scramble to uncover the meaning of his final utterance: 'Rosebud.'",top99
100,M,8.3,1931,"Crime, Mystery, Thriller","When the police in a German city are unable to catch a child-murderer, other criminals join in the manhunt.",top100
